{
    "rmse": 8.979982696209754e-05,
    "mae": 0.007368841570721738,
    "r2": 0.9999999999776054
}